{"urls":["ben10_platformer\\sfx\\output\\audiosprite.ogg","ben10_platformer\\sfx\\output\\audiosprite.m4a","ben10_platformer\\sfx\\output\\audiosprite.mp3"],"sprite":{"alien_damage1":[0,417.9591836734694],"alien_damage2":[2000,391.83673469387736],"alien_damage3":[4000,365.71428571428567],"alien_damage4":[6000,365.71428571428567],"alien_gameover":[8000,1071.0204081632658],"alien_ground":[11000,235.1020408163258],"alien_jump1":[13000,208.97959183673544],"alien_jump2":[15000,208.97959183673544],"alien_jump3":[17000,208.97959183673365],"alien_jump4":[19000,208.97959183673365],"alien_jump5":[21000,208.97959183673365],"boss1":[23000,2377.1428571428573],"boss2":[27000,3369.7959183673483],"boss3":[32000,2377.1428571428573],"boss4":[36000,1776.3265306122448],"boss5":[39000,2377.1428571428573],"boss6":[43000,2298.775510204081],"button1":[47000,365.714285714283],"button2":[49000,287.34693877551365],"cannonball_alien_combo1":[51000,444.08163265305944],"cannonball_alien_combo2":[53000,522.448979591836],"cannonball_alien_combo3":[55000,496.32653061224374],"cannonball_special":[57000,1776.3265306122448],"checkpoint":[60000,966.5306122448953],"enemy_damage_final1":[62000,339.59183673469084],"enemy_damage_final2":[64000,391.83673469388225],"enemy_damage1":[66000,339.59183673469795],"enemy_damage2":[68000,313.4693877551058],"enemy_damage3":[70000,339.59183673469795],"enemy_hit1_1":[72000,182.85714285714505],"enemy_hit1_2":[74000,156.7346938775529],"enemy_hit2":[76000,444.08163265306655],"enemy_hit3":[78000,1384.4897959183697],"fourarms_alien_combo1":[81000,313.4693877551058],"fourarms_alien_combo2":[83000,339.59183673469795],"fourarms_alien_combo3":[85000,365.7142857142901],"fourarms_alien_combo4":[87000,417.9591836734744],"fourarms_special":[89000,1149.3877551020405],"health_recovery":[92000,679.1836734693817],"hidden_object":[94000,1071.020408163264],"hidden_room":[97000,1567.346938775515],"indicator_go":[100000,862.0408163265267],"indicator_wave":[102000,2246.5306122448965],"obstacle_fire":[106000,2377.1428571428573],"obstacle_laser_floor":[110000,2847.346938775516],"obstacle_laser_wall1":[114000,235.10204081632935],"obstacle_laser_wall2":[116000,130.61224489796075],"obstacle_mine":[118000,817.3469387755148],"obstacle_steam":[120000,2377.1428571428573],"obstacle_wall":[124000,600.8163265306052],"omnitrix":[126000,914.285714285711],"popup_failed_mission":[128000,1018.7755102040796],"popup_mission_completed":[131000,1619.5918367346849],"slapback_alien_combo1":[134000,496.32653061223664],"slapback_alien_combo2":[136000,444.08163265305234],"slapback_alien_combo3":[138000,470.2040816326587],"slapback_special":[140000,1149.3877551020546],"stinkfly_alien_combo1":[143000,548.5714285714209],"stinkfly_alien_combo2":[145000,548.5714285714209],"stinkfly_alien_combo3":[147000,496.32653061223664],"stinkfly_special":[149000,1227.7551020408168],"super_recovery":[152000,626.9387755102116],"transition_in":[154000,1880.8163265306064],"transition_out":[157000,626.9387755102116],"xlr8_alien_combo1":[159000,470.2040816326587],"xlr8_alien_combo2":[161000,522.448979591843],"xlr8_alien_special":[163000,835.9183673469488]}}