{"urls":["whack_a_mole\\sfx\\output\\audiosprite.ogg","whack_a_mole\\sfx\\output\\audiosprite.m4a","whack_a_mole\\sfx\\output\\audiosprite.mp3"],"sprite":{"appears_1":[0,653.0612244897959],"appears_2":[2000,470.2040816326529],"appears_3":[4000,548.5714285714289],"appears_4":[6000,940.4081632653058],"appears_5":[8000,809.7959183673478],"correct_selection1":[10000,574.6938775510203],"correct_selection2":[12000,470.20408163265336],"correct_selection3":[14000,731.4285714285713],"generic_button":[16000,470.2040816326516],"lemming_can1":[18000,992.653061224491],"lemming_can2":[20000,574.6938775510203],"lemming_can3":[22000,1332.2448979591854],"level_selection":[25000,1071.020408163264],"lose_screen":[28000,3735.5102040816314],"popup":[33000,600.8163265306123],"start_level":[35000,3683.2653061224505],"win_screen":[40000,3317.55102040816],"win":[45000,5433.4693877551035]}}