{
  "urls": [
    "audiosprite.ogg",
    "audiosprite.m4a",
    "audiosprite.mp3"
  ],
  "sprite": {
    "ben_in": [
      0,
      1018.7755102040817
    ],
    "big_money1": [
      3000,
      235.10204081632668
    ],
    "big_money2": [
      5000,
      208.97959183673453
    ],
    "big_money3": [
      7000,
      208.97959183673453
    ],
    "big_money4": [
      9000,
      182.8571428571433
    ],
    "big_money5": [
      11000,
      208.97959183673544
    ],
    "big_money6": [
      13000,
      313.4693877551023
    ],
    "bounce1": [
      15000,
      339.5918367346944
    ],
    "bounce2": [
      17000,
      365.7142857142866
    ],
    "bounce3": [
      19000,
      313.4693877551023
    ],
    "bounce4": [
      21000,
      287.3469387755101
    ],
    "bounce5": [
      23000,
      391.8367346938787
    ],
    "button1": [
      25000,
      574.6938775510203
    ],
    "button2": [
      27000,
      470.2040816326516
    ],
    "button_rotation": [
      29000,
      522.448979591836
    ],
    "buy_item": [
      31000,
      1462.8571428571463
    ],
    "canon1": [
      34000,
      992.6530612244875
    ],
    "canon2": [
      36000,
      1123.2653061224482
    ],
    "canon3": [
      39000,
      1332.2448979591854
    ],
    "enemy": [
      42000,
      365.714285714283
    ],
    "item1": [
      44000,
      914.285714285711
    ],
    "item2": [
      46000,
      757.5510204081652
    ],
    "item3": [
      48000,
      600.8163265306123
    ],
    "item4": [
      50000,
      313.4693877550987
    ],
    "level_completed": [
      52000,
      1828.5714285714291
    ],
    "level_failed": [
      55000,
      1018.7755102040796
    ],
    "level_unlock": [
      58000,
      496.32653061224374
    ],
    "money1": [
      60000,
      235.10204081632935
    ],
    "money2": [
      62000,
      208.9795918367372
    ],
    "money3": [
      64000,
      208.9795918367372
    ],
    "money4": [
      66000,
      182.85714285714505
    ],
    "money5": [
      68000,
      156.7346938775529
    ],
    "money6": [
      70000,
      156.7346938775529
    ],
    "obstacle": [
      72000,
      1097.142857142856
    ],
    "pinball": [
      75000,
      626.9387755101974
    ],
    "popup": [
      77000,
      339.59183673469795
    ],
    "target_completed": [
      79000,
      2403.265306122449
    ],
    "trampoline1": [
      83000,
      600.8163265306052
    ],
    "trampoline2": [
      85000,
      1123.2653061224482
    ],
    "transition": [
      88000,
      1959.183673469383
    ]
  }
}