{
  "resources": [
    "soundFx.ogg",
    "soundFx.m4a",
    "soundFx.mp3",
    "soundFx.ac3"
  ],
  "spritemap": {
    "boton": {
      "start": 0,
      "end": 0.5885487528344672,
      "loop": false
    },
    "correct": {
      "start": 2,
      "end": 3.8192517006802724,
      "loop": false
    },
    "cuaderno": {
      "start": 5,
      "end": 5.339546485260771,
      "loop": false
    },
    "dialogo_v02": {
      "start": 7,
      "end": 7.150770975056689,
      "loop": false
    },
    "fanfarria": {
      "start": 9,
      "end": 12.313650793650794,
      "loop": false
    },
    "fit_puzzle": {
      "start": 14,
      "end": 14.133900226757369,
      "loop": false
    },
    "flash": {
      "start": 16,
      "end": 17.92419501133787,
      "loop": false
    },
    "foto_in": {
      "start": 19,
      "end": 19.40222222222222,
      "loop": false
    },
    "foto_out": {
      "start": 21,
      "end": 21.36482993197279,
      "loop": false
    },
    "gadget_lupa": {
      "start": 23,
      "end": 23.391043083900225,
      "loop": false
    },
    "gadget_scanner": {
      "start": 25,
      "end": 25.32362811791383,
      "loop": false
    },
    "hint": {
      "start": 27,
      "end": 29.95138321995465,
      "loop": false
    },
    "linterna": {
      "start": 31,
      "end": 32.91503401360544,
      "loop": false
    },
    "monter_appears": {
      "start": 34,
      "end": 35.14469387755102,
      "loop": false
    },
    "monter_run": {
      "start": 37,
      "end": 38.70668934240363,
      "loop": false
    },
    "no_hint": {
      "start": 40,
      "end": 40.9315873015873,
      "loop": false
    },
    "puerta_abre": {
      "start": 42,
      "end": 43.584489795918365,
      "loop": false
    },
    "puerta_cierra": {
      "start": 45,
      "end": 47.249478458049886,
      "loop": false
    },
    "score": {
      "start": 49,
      "end": 51.24727891156463,
      "loop": false
    },
    "star_1": {
      "start": 53,
      "end": 54.58086167800454,
      "loop": false
    },
    "star_2": {
      "start": 56,
      "end": 57.90412698412698,
      "loop": false
    },
    "star_3": {
      "start": 59,
      "end": 61.40061224489796,
      "loop": false
    },
    "star_off": {
      "start": 63,
      "end": 64.30034013605442,
      "loop": false
    },
    "thunder_01": {
      "start": 66,
      "end": 70.70591836734694,
      "loop": false
    },
    "thunder_02": {
      "start": 72,
      "end": 77.37975056689342,
      "loop": false
    },
    "thunder_03": {
      "start": 79,
      "end": 85.36936507936508,
      "loop": false
    },
    "time_out": {
      "start": 87,
      "end": 90.02131519274377,
      "loop": false
    },
    "time_out_alarm_doble": {
      "start": 92,
      "end": 95.27501133786848,
      "loop": false
    },
    "time_out_alarm_simple": {
      "start": 97,
      "end": 100.42263038548752,
      "loop": false
    },
    "win": {
      "start": 102,
      "end": 107.9315873015873,
      "loop": false
    },
    "wrong": {
      "start": 109,
      "end": 109.4836507936508,
      "loop": false
    }
  }
}