{"urls":["wbb_fortress\\sfx\\output\\audiosprite.ogg","wbb_fortress\\sfx\\output\\audiosprite.m4a","wbb_fortress\\sfx\\output\\audiosprite.mp3"],"sprite":{"bear_final_hit":[0,822.8571428571429],"bear_improved_hit1":[2000,642.9024943310657],"bear_improved_hit2":[4000,886.7120181405896],"bear_no_hit":[6000,282.9931972789117],"bear_regular_hit1":[8000,608.0725623582772],"bear_regular_hit2":[10000,735.7823129251706],"bear_throw1":[12000,442.6303854875275],"bear_throw2":[14000,448.4353741496605],"bear_throw3":[16000,451.3378684807243],"bear_throw4":[18000,454.24036281179167],"bear_throw5":[20000,454.24036281179167],"button_buy":[22000,1606.5306122448994],"button_generic":[25000,547.1201814058943],"button_no_money":[27000,140.77097505668945],"button_tutorial":[29000,404.89795918367474],"button_upgrades":[31000,552.9251700680255],"comic1":[33000,233.65079365079566],"comic2":[35000,268.4807256235828],"enemy_attack1":[37000,669.0249433106601],"enemy_attack2":[39000,448.4353741496605],"enemy_attack3":[41000,506.48526077097245],"enemy_attack4":[43000,468.7528344671179],"enemy_attack5":[45000,343.9455782312919],"level_intro1":[47000,4448.072562358277],"level_new":[53000,1252.4263038548752],"popup_lose":[56000,2982.3129251700707],"popup_waves":[60000,2271.201814058955],"popup_win_1star":[64000,1835.8276643990905],"popup_win_2stars":[67000,2279.909297052157],"popup_win_3stars":[71000,2581.7687074829932],"powerup_canceled":[75000,68.20861678004064],"powerup_canon":[77000,1452.6984126984103],"powerup_grizzly":[80000,2239.2743764172283],"powerup_hedgehog1":[84000,236.55328798186304],"powerup_hedgehog2":[86000,782.2222222222166],"powerup_panda":[88000,4874.739229024939],"powerup_polar":[94000,1769.0702947845834],"powerup_rail":[97000,782.2222222222166],"powerup_tentacles1":[99000,851.8820861678051],"powerup_tentacles2":[101000,245.26077097505095],"transition":[103000,2689.160997732429]}}