{"urls":["craig_zuma\\sfx\\output\\audiosprite.ogg","craig_zuma\\sfx\\output\\audiosprite.m4a","craig_zuma\\sfx\\output\\audiosprite.mp3"],"sprite":{"chain_combo01":[0,1105.3514739229024],"chain_combo02":[3000,1315.9863945578234],"chain_combo03":[6000,1249.319727891157],"chain_combo04":[9000,1201.337868480726],"chain_combo05":[12000,1241.3378684807253],"enemy_appear":[15000,910.6802721088432],"enemy_hit":[17000,854.6712018140603],"generic_button":[19000,550.680272108842],"level_completed":[21000,2140.0000000000005],"level_failed":[25000,2052.0181405895705],"level_map":[29000,1153.3333333333323],"level_start":[32000,1814.6712018140577],"orb_match":[35000,446.66666666666544],"orb_switch":[37000,708.0045351473956],"orb_touch":[39000,353.3333333333317],"powerup_appear":[41000,468.0045351473936],"powerup_back":[43000,2252.01814058957],"powerup_bomb":[47000,1670.6802721088466],"powerup_slow":[50000,2204.013605442178],"powerup_slow2":[54000,1219.9999999999989],"throw_orb":[57000,254.67120181406244]}}