{"model":{"version":2,"nodes":[{"name":"RootNode","position":[0,0,0],"rotation":[0,0,0],"scale":[1,1,1]},{"name":"quark_mine","position":[0,3.19189e-16,1.14492e-16],"rotation":[0,0,0],"scale":[0.01,0.01,0.01]}],"parents":[-1,0],"skins":[],"vertices":[{"position":{"type":"float32","components":3,"data":[3.04121,4.36495,5.26753,-3.04121,4.36495,5.26753,-3.06453,3.741,5.30792,3.06453,3.741,5.30792,3.04121,4.36495,5.26753,6.12906,3.741,8.74991e-07,6.08242,4.36495,8.76049e-07,3.06453,3.741,5.30792,3.04121,4.36495,-5.26753,6.08242,4.36495,8.76049e-07,6.12906,3.741,8.74991e-07,3.06453,3.741,-5.30792,-3.04121,4.36495,-5.26753,3.06453,3.741,-5.30792,-3.06453,3.741,-5.30792,3.04121,4.36495,-5.26753,-6.12906,3.741,-3.83109e-08,-3.04121,4.36495,-5.26753,-3.06453,3.741,-5.30792,-6.08242,4.36495,-3.03024e-08,-3.04121,4.36495,5.26753,-6.12906,3.741,-3.83109e-08,-3.06453,3.741,5.30792,-6.08242,4.36495,-3.03024e-08,2.45832,1.64476,4.25793,-2.45832,1.64476,4.25793,3.10595e-23,1.64476,-3.07324e-08,4.91664,1.64476,7.01904e-07,2.45832,1.64476,4.25793,3.10595e-23,1.64476,-3.07324e-08,2.45832,1.64476,-4.25793,-2.45832,1.64476,-4.25793,2.45832,1.64476,-4.25793,-4.91664,1.64476,-3.07325e-08,-2.45832,1.64476,4.25793,-4.91664,1.64476,-3.07325e-08,3.10595e-23,1.64476,-3.07324e-08,3.06453,3.741,5.30792,-3.06453,3.741,5.30792,-2.55607,1.98277,4.42724,2.55607,1.98277,4.42724,7.73753,0.109385,5.9637,9.33075,0.678365,3.56294,7.75096,0.678365,6.2992,9.03348,0.109385,3.71906,4.91664,1.64476,7.01904e-07,3.15936,2.0451,-3.44475,5.11214,1.98277,7.29814e-07,2.45832,1.64476,-4.25793,-1.57978,0.678365,-9.86213,1.57978,0.678365,-9.86213,1.30899,0.135544,-9.691,-1.30899,0.135544,-9.691,-3.06453,3.741,-5.30792,-3.15936,2.0451,-3.44475,-6.12906,3.741,-3.83109e-08,-2.57945,2.06361,-4.46773,-7.73754,0.109385,5.9637,-9.33075,0.678365,3.56294,-9.03348,0.109385,3.71905,-7.75097,0.678365,6.2992,3.06453,3.741,5.30792,7.75096,0.678365,6.2992,6.12906,3.741,8.74991e-07,9.33075,0.678365,3.56294,7.75096,0.678365,6.2992,2.55607,1.98277,4.42724,7.73753,0.109385,5.9637,3.06453,3.741,5.30792,4.91664,1.64476,7.01904e-07,7.73495,-5.96046e-07,5.8992,2.45832,1.64476,4.25793,8.97633,-5.96046e-07,3.74907,6.12906,3.741,8.74991e-07,9.33075,0.678365,3.56294,5.11214,1.98277,7.29814e-07,9.03348,0.109385,3.71906,3.06453,3.741,-5.30792,-1.57978,0.678365,-9.86213,-3.06453,3.741,-5.30792,1.57978,0.678365,-9.86213,2.57945,2.06361,-4.46773,1.57978,0.678365,-9.86213,3.06453,3.741,-5.30792,1.30899,0.135544,-9.691,-2.45832,1.64476,-4.25793,-1.24138,-5.96046e-07,-9.64826,2.45832,1.64476,-4.25793,1.24138,-5.96046e-07,-9.64826,-1.57978,0.678365,-9.86213,-2.57945,2.06361,-4.46773,-3.06453,3.741,-5.30792,-1.30899,0.135544,-9.691,-6.12906,3.741,-3.83109e-08,-7.75097,0.678365,6.2992,-3.06453,3.741,5.30792,-9.33075,0.678365,3.56294,-5.11214,1.98277,-3.19545e-08,-9.33075,0.678365,3.56294,-6.12906,3.741,-3.83109e-08,-9.03348,0.109385,3.71905,-2.45832,1.64476,4.25793,-7.73495,-5.96046e-07,5.8992,-4.91664,1.64476,-3.07325e-08,-8.97633,-5.96046e-07,3.74907,-7.73754,0.109385,5.9637,-2.55607,1.98277,4.42724,-7.75097,0.678365,6.2992,-3.06453,3.741,5.30792,-4.63472,6.63852,0.0063863,-1.70657,9.22332,2.97546,-3.22583,8.85114,0.0126014,-2.50856,6.06607,-4.63853,-3.22583,8.85114,0.0126014,-1.72734,8.56109,-3.71598,-2.50856,6.06607,-4.63853,1.72141,8.64323,-3.72858,3.04121,4.36495,-5.26753,-1.72734,8.56109,-3.71598,3.44875,9.01541,-0.0126009,6.08242,4.36495,8.76049e-07,1.72141,8.64323,-3.72858,3.04121,4.36495,-5.26753,1.19221,9.30546,2.96286,6.08242,4.36495,8.76049e-07,3.44875,9.01541,-0.0126009,3.04121,4.36495,5.26753,-3.04121,4.36495,5.26753,3.04121,4.36495,5.26753,1.19221,9.30546,2.96286,-1.70657,9.22332,2.97546,1.72141,8.64323,-3.72858,-3.22583,8.85114,0.0126014,3.44875,9.01541,-0.0126009,-1.72734,8.56109,-3.71598,1.19221,9.30546,2.96286,3.44875,9.01541,-0.0126009,-3.22583,8.85114,0.0126014,-1.70657,9.22332,2.97546,-6.12906,3.741,-3.83109e-08,-3.15936,2.0451,-3.44475,-5.11214,1.98277,-3.19545e-08,2.57945,2.06361,-4.46773,-3.04121,4.36495,-5.26753,-6.08242,4.36495,-3.03024e-08,-4.63472,6.63852,0.0063863,-3.04121,4.36495,5.26753,-6.08242,4.36495,-3.03024e-08,-3.04121,4.36495,-5.26753,2.45832,1.64476,-4.25793,1.24138,-5.96046e-07,-9.64826,2.57945,2.06361,-4.46773,1.30899,0.135544,-9.691,-1.30899,0.135544,-9.691,1.30899,0.135544,-9.691,1.24138,-5.96046e-07,-9.64826,-1.24138,-5.96046e-07,-9.64826,-2.57945,2.06361,-4.46773,-1.24138,-5.96046e-07,-9.64826,-2.45832,1.64476,-4.25793,-1.30899,0.135544,-9.691,-4.91664,1.64476,-3.07325e-08,-8.97633,-5.96046e-07,3.74907,-5.11214,1.98277,-3.19545e-08,-9.03348,0.109385,3.71905,-7.73495,-5.96046e-07,5.8992,-8.97633,-5.96046e-07,3.74907,-7.73495,-5.96046e-07,5.8992,-2.45832,1.64476,4.25793,2.45832,1.64476,4.25793,-2.45832,1.64476,4.25793,2.45832,1.64476,4.25793,7.73495,-5.96046e-07,5.8992,7.73495,-5.96046e-07,5.8992,8.97633,-5.96046e-07,3.74907,5.11214,1.98277,7.29814e-07,8.97633,-5.96046e-07,3.74907,4.91664,1.64476,7.01904e-07,9.03348,0.109385,3.71906,-3.15936,2.0451,-3.44475,-2.57945,2.06361,-4.46773,-2.45832,1.64476,-4.25793,-4.91664,1.64476,-3.07325e-08,-5.11214,1.98277,-3.19545e-08,3.06453,3.741,-5.30792,6.12906,3.741,8.74991e-07,3.15936,2.0451,-3.44475,2.57945,2.06361,-4.46773,5.11214,1.98277,7.29814e-07,3.15936,2.0451,-3.44475,6.12906,3.741,8.74991e-07,-6.59764,0.0622569,0,-7.70282,0.0622569,6.65552,-3.19526,0.0622569,5.63173,-9.86138,0.0622569,3.39607,0,0.0622569,0,-3.53726,0.0622569,-5.79703,0,0.0622569,-5.80144,6.42832,0.0622569,0,3.15972,0.0622569,-5.80537,0,0.0622569,5.70995,3.03338,0.0622569,5.78421,7.82843,0.0622569,6.59754,9.86138,0.0622569,3.58389,1.77389,0.0622569,-9.86138,0,0.0622569,-9.86138,-1.79718,0.0622569,-9.86138]},"normal":{"type":"float32","components":3,