{"urls":["audiosprite.ogg","audiosprite.m4a","audiosprite.mp3"],"sprite":{"attack":[0,757.5510204081633],"attack_v1":[2000,757.5510204081635],"attack_v2":[4000,626.9387755102046],"attack_v3":[6000,470.20408163265336],"correct_move_v1":[8000,496.3265306122455],"correct_move_v2":[10000,470.20408163265336],"correct_move_v3":[12000,444.0816326530612],"correct_move_v4":[14000,417.95918367346906],"destroy1_v1":[16000,1750.2040816326528],"destroy1_v2":[19000,1436.7346938775504],"destroy2":[22000,1697.9591836734685],"generic_button":[25000,365.7142857142866],"icon_add":[27000,104.4897959183686],"icon_chain_completed":[29000,313.4693877551023],"icon_remove":[31000,235.1020408163258],"icon_remove_all":[33000,444.08163265305944],"incorrect_move":[35000,470.2040816326516],"level_unlocked":[37000,1828.5714285714291],"lose1":[40000,783.6734693877575],"lose2":[42000,2194.285714285712],"play_button":[46000,600.8163265306123],"popup":[48000,574.6938775510203],"slide_story_v1":[50000,653.0612244897966],"slide_story_v2":[52000,862.0408163265338],"special1":[54000,914.285714285711],"special2":[56000,940.4081632653032],"stage_completed":[58000,2272.6530612244887],"start_level":[62000,1253.877551020409],"transition":[65000,1541.2244897959226]}}