{"urls":["audiosprite.ogg","audiosprite.m4a","audiosprite.mp3"],"sprite":{"banner_fase3":[0,5825.306122448979],"change_slide":[7000,600.8163265306123],"character_completed":[9000,1044.8979591836735],"character_move_v1":[12000,417.95918367346906],"character_move_v2":[14000,365.7142857142866],"character_move_v3":[16000,365.7142857142866],"damage":[18000,548.571428571428],"destroy_boss":[20000,2690.6122448979595],"destroy_enemy_v1":[24000,809.795918367346],"destroy_enemy_v2":[26000,809.795918367346],"destroy_enemy_v3":[28000,731.4285714285732],"enemy_shot":[30000,626.9387755102046],"game_over":[32000,2220.408163265304],"generic_button":[36000,365.714285714283],"great_popup":[38000,757.5510204081652],"level_unlocked":[40000,1828.5714285714291],"omnitrix_close":[43000,574.6938775510203],"omnitrix_open":[45000,653.0612244897966],"option_correct":[47000,862.0408163265338],"option_incorrect":[49000,391.83673469387514],"play_button":[51000,600.8163265306123],"popup":[53000,574.6938775510203],"powerup_appears":[55000,574.6938775510203],"powerup_used":[57000,2037.5510204081663],"select_character":[61000,182.85714285714505],"shake_slides":[63000,1750.2040816326598],"shot_v1":[66000,574.6938775510273],"shot_v2":[68000,522.448979591843],"slide_story_v1":[70000,653.0612244897895],"slide_story_v2":[72000,862.0408163265267],"stage_completed":[74000,4075.1020408163326],"transition":[80000,1541.2244897959226]}}