{
  "resources": [
    "sfx.ogg",
    "sfx.mp3"
  ],
  "spritemap": {
    "bgm_ingame": {
      "start": 0,
      "end": 68.62367346938775,
      "loop": true
    },
    "bgm_menu": {
      "start": 70,
      "end": 97.45469387755102,
      "loop": true
    },
    "bgm_powermeter": {
      "start": 99,
      "end": 105.92244897959183,
      "loop": true
    },
    "bubble_fly": {
      "start": 107,
      "end": 108.20163265306122,
      "loop": false
    },
    "button_click": {
      "start": 110,
      "end": 113.89224489795919,
      "loop": false
    },
    "button_over": {
      "start": 115,
      "end": 115.49632653061225,
      "loop": false
    },
    "flag": {
      "start": 117,
      "end": 119.01142857142857,
      "loop": false
    },
    "gunter_a1": {
      "start": 121,
      "end": 121.67918367346938,
      "loop": false
    },
    "gunter_a2": {
      "start": 123,
      "end": 123.47020408163266,
      "loop": false
    },
    "gunter_b1": {
      "start": 125,
      "end": 126.8808163265306,
      "loop": false
    },
    "gunter_b2": {
      "start": 128,
      "end": 129.8808163265306,
      "loop": false
    },
    "powermeter": {
      "start": 131,
      "end": 134.73551020408163,
      "loop": true
    },
    "rebound_1": {
      "start": 136,
      "end": 136.88816326530613,
      "loop": false
    },
    "rebound_2": {
      "start": 138,
      "end": 139.69795918367348,
      "loop": false
    },
    "rebound_3": {
      "start": 141,
      "end": 141.88816326530613,
      "loop": false
    },
    "rebound_4": {
      "start": 143,
      "end": 143.86204081632653,
      "loop": false
    },
    "skill_bmo": {
      "start": 145,
      "end": 150.01551020408164,
      "loop": false
    },
    "skill_bubblegum": {
      "start": 152,
      "end": 154.01142857142858,
      "loop": false
    },
    "skill_finn": {
      "start": 156,
      "end": 158.8995918367347,
      "loop": false
    },
    "skill_iceking": {
      "start": 160,
      "end": 162.74285714285713,
      "loop": false
    },
    "skill_jake": {
      "start": 164,
      "end": 166.2465306122449,
      "loop": false
    },
    "skill_lumpy": {
      "start": 168,
      "end": 171.73551020408163,
      "loop": false
    },
    "skill_marceline": {
      "start": 173,
      "end": 175.42938775510203,
      "loop": false
    },
    "snowbounce_1": {
      "start": 177,
      "end": 178.22775510204082,
      "loop": false
    },
    "snowbounce_2": {
      "start": 180,
      "end": 180.88816326530613,
      "loop": false
    },
    "snowbounce_3": {
      "start": 182,
      "end": 182.88816326530613,
      "loop": false
    },
    "snowslide": {
      "start": 184,
      "end": 185.72408163265305,
      "loop": false
    },
    "start_ray": {
      "start": 187,
      "end": 190.57877551020408,
      "loop": false
    },
    "tree_1": {
      "start": 192,
      "end": 193.48897959183674,
      "loop": false
    },
    "tree_2": {
      "start": 195,
      "end": 196.67183673469387,
      "loop": false
    },
    "tree_3": {
      "start": 198,
      "end": 199.67183673469387,
      "loop": false
    },
    "trophy": {
      "start": 201,
      "end": 202.8808163265306,
      "loop": false
    }
  }
}