{
  "resources": [
    "soundFx.ogg",
    "soundFx.m4a",
    "soundFx.mp3",
    "soundFx.ac3"
  ],
  "spritemap": {
    "achievement_desbloqueado": {
      "start": 0,
      "end": 1.093514739229025,
      "loop": false
    },
    "caballo_galope": {
      "start": 3,
      "end": 4.8002494331065755,
      "loop": true
    },
    "caballo_salto": {
      "start": 6,
      "end": 7.537981859410431,
      "loop": false
    },
    "cassette": {
      "start": 9,
      "end": 9.243083900226758,
      "loop": false
    },
    "click_GUI": {
      "start": 11,
      "end": 11.59328798185941,
      "loop": false
    },
    "dash": {
      "start": 13,
      "end": 14.429818594104308,
      "loop": false
    },
    "moto_andando": {
      "start": 16,
      "end": 18.396213151927437,
      "loop": true
    },
    "muerte_enemigo": {
      "start": 20,
      "end": 21.061065759637188,
      "loop": false
    },
    "muerte_jugador": {
      "start": 23,
      "end": 24.045895691609978,
      "loop": false
    },
    "salto_moto": {
      "start": 26,
      "end": 27.607414965986393,
      "loop": false
    },
    "transicion": {
      "start": 29,
      "end": 30.80471655328798,
      "loop": false
    }
  }
}