{
  "urls": [
    "snd\\audio_sprites.ogg",
    "snd\\audio_sprites.m4a",
    "snd\\audio_sprites.mp3",
    "snd\\audio_sprites.ac3"
  ],
  "sprite": {
    "silence": [
      0,
      3000,
      true
    ],
    "ball_music_0": [
      4000,
      22857.14285714286
    ],
    "ball_rim_bounce": [
      28000,
      624.8979591836736
    ],
    "beep": [
      30000,
      237.39229024943143
    ],
    "click_0": [
      32000,
      103.10657596372153
    ],
    "crowd_start": [
      34000,
      4850.5215419501155
    ],
    "pogo_bounce_1": [
      40000,
      1016.462585034013
    ],
    "pogo_bounce_2": [
      43000,
      334.6258503401387
    ],
    "pogo_launch": [
      45000,
      1074.5351473922894
    ],
    "pogo_music_0": [
      48000,
      28656.689342403624
    ],
    "pogo_splash": [
      78000,
      1539.7052154195023
    ],
    "pogo_water_hit_1": [
      81000,
      875.0113378684858
    ],
    "ring_boost_0": [
      83000,
      2000
    ],
    "ring_boost_1": [
      86000,
      1083.3333333333285
    ],
    "ring_boost_4": [
      89000,
      2648.231292517011
    ],
    "ring_drag": [
      93000,
      1509.2970521541956
    ],
    "ring_hit": [
      96000,
      1726.8480725623617
    ],
    "ring_land": [
      99000,
      4783.537414965991
    ],
    "ring_music_0": [
      105000,
      23132.26757369614
    ],
    "ring_music_1": [
      130000,
      7998.639455782324
    ],
    "title_splash": [
      139000,
      4783.537414965991
    ],
    "ball_bounce": [
      145000,
      208.9795918367372
    ],
    "ball_cheer": [
      147000,
      3735.5102040816346
    ],
    "ball_launch": [
      152000,
      298.4580498866194
    ],
    "ball_spawnned_0": [
      154000,
      130.61224489794654
    ],
    "ball_star_0": [
      156000,
      1306.122448979579
    ],
    "ball_start_whistle": [
      159000,
      888.1632653061331
    ],
    "game_intro_sting": [
      161000,
      2817.777777777792
    ],
    "music_screens": [
      165000,
      29688.0045351474
    ],
    "pogo_bounce_0": [
      196000,
      679.1836734693959
    ],
    "pogo_water_hit_2": [
      198000,
      1332.2448979591854
    ],
    "ring_boost_2": [
      201000,
      208.9795918367372
    ],
    "ring_contact": [
      203000,
      522.448979591843
    ]
  }
}