{"model":{"version":2,"nodes":[{"name":"RootNode","position":[0,0,0],"rotation":[0,0,0],"scale":[1,1,1]},{"name":"pPlane13","position":[0,0,0],"rotation":[0,0,0],"scale":[0.01,0.01,0.01]}],"parents":[-1,0],"skins":[],"vertices":[{"position":{"type":"float32","components":3,"data":[47.9389,-15.9796,0,-47.9389,-15.9796,0,-47.9389,-47.9389,0,47.9389,-47.9389,0,47.9389,47.9389,0,-47.9389,47.9389,0,-47.9389,15.9796,0,47.9389,15.9796,0,47.9389,110.777,0,-47.9389,110.777,0,-47.9389,47.9389,0,47.9389,47.9389,0]},"normal":{"type":"float32","components":3,"data":[0,0,1,0,0,1,0,0,1,0,0,1,0,0,1,0,0,1,0,0,1,0,0,1,0,0,1,0,0,1,0,0,1,0,0,1]},"color":{"type":"uint8","components":4,"data":[204,249,255,255,204,249,255,255,204,249,255,255,204,249,255,255,55,188,244,255,55,188,244,255,149,213,219,255,149,213,219,255,55,188,244,255,55,188,244,255,55,188,244,255,55,188,244,255]},"texCoord0":{"type":"float32","components":2,"data":[1,0.333333,0,0.333333,0,0,1,0,1,1,0,1,0,0.666667,1,0.666667,1,1,0,1,0,0,1,0]}}],"meshes":[{"aabb":{"min":[-47.9389,-47.9389,0],"max":[47.9389,110.777,0]},"vertices":0,"indices":[0,1,2,0,2,3,4,5,6,4,6,7,7,6,1,7,1,0,8,9,10,8,10,11],"type":"triangles","base":0,"count":24}],"meshInstances":[{"node":1,"mesh":0}]}}