{"model":{"version":2,"nodes":[{"name":"RootNode","position":[0,0,0],"rotation":[0,0,0],"scale":[1,1,1]},{"name":"rock","position":[0,0,0],"rotation":[0,0,0],"scale":[0.01,0.01,0.01]}],"parents":[-1,0],"skins":[],"vertices":[{"position":{"type":"float32","components":3,"data":[0.102178,7.81826,7.07868,4.15216,10.943,3.69709,2.12417,12.5421,3.15076,4.25685,8.1389,6.37371,5.4312,9.99442,0.262405,3.58707,10.8244,-0.739352,3.40772,11.2269,-0.13638,5.28457,10.2299,0.51873,3.69987,6.66019,-2.93093,5.4312,9.99442,0.262405,6.35705,7.19015,0.0733754,3.58707,10.8244,-0.739352,6.35705,7.19015,0.0733754,5.4312,9.99442,0.262405,6.19339,7.2117,0.621157,5.28457,10.2299,0.51873,-2.69035,6.2452,-4.46319,0.0462478,11.1936,-1.1774,-1.94083,6.24373,-5.04135,-0.105747,11.4573,-0.865954,5.94987,-0.313988,-7.54854,5.20956,3.07575,-8.79517,4.11882,2.91367,-9.4981,3.24332,-0.313988,-9.34925,6.22331,2.35701,-12.5523,4.11882,2.91367,-9.4981,5.20956,3.07575,-8.79517,7.35047,2.27946,-11.8259,5.94987,-0.313988,-7.54854,9.55128,-0.313988,-12.9616,7.9984,1.51594,-12.1603,0.536778,-0.313988,-11.15,4.14847,1.16764,-15.2228,4.13819,-0.313988,-16.563,1.38169,0.914552,-10.8192,-6.30055,1.68002e-07,-18.1254,-4.01364,1.68002e-07,-19.4319,-6.27428,1.67205,-19.1683,-6.8338,1.16734,-21.0448,-8.7428,1.68002e-07,-20.6917,-7.35101,1.72161,-20.3123,-5.74452,1.68002e-07,-22.5875,-4.01364,1.68002e-07,-19.4319,-5.74452,1.68002e-07,-22.5875,-5.76922,0.543183,-21.208,-6.8338,1.16734,-21.0448,-6.27428,1.67205,-19.1683,-8.7428,1.68002e-07,-20.6917,-6.30055,1.68002e-07,-18.1254,-7.35101,1.72161,-20.3123,-4.65654,0,-7.81337,-4.1359,2.0617,-6.84084,-3.50729,0,-8.71807,-3.16455,2.03969,-7.67166,-0.0672494,2.73872,8.90231,5.27367,0,8.71807,5.46748,2.90603,7.82541,0.119223,0,9.78057,8.13348,0,0.287661,7.66897,2.37853,0.714639,8.28045,0,1.13985,7.50325,2.33369,1.34163,8.13348,0,0.287661,4.40829,2.12922,-3.96241,7.66897,2.37853,0.714639,4.83809,0,-4.68224,-4.01364,1.68002e-07,-19.4319,-5.76922,0.543183,-21.208,-6.27428,1.67205,-19.1683,-6.27428,1.67205,-19.1683,-5.76922,0.543183,-21.208,-6.8338,1.16734,-21.0448,-7.35101,1.72161,-20.3123,9.55128,-0.313988,-12.9616,8.85302,-0.313988,-14.4928,7.9984,1.51594,-12.1603,6.94668,1.62228,-13.0861,2.31087,2.412,-10.484,4.37894,2.40933,-13.5617,1.38169,0.914552,-10.8192,4.14847,1.16764,-15.2228,4.66438,-0.313988,-16.332,4.62526,0.895802,-15.1154,8.85302,-0.313988,-14.4928,4.37894,2.40933,-13.5617,2.31087,2.412,-10.484,4.11882,2.91367,-9.4981,6.22331,2.35701,-12.5523,2.31087,2.412,-10.484,3.24332,-0.313988,-9.34925,4.11882,2.91367,-9.4981,1.38169,0.914552,-10.8192,0.536778,-0.313988,-11.15,4.7455,2.09076,-13.7401,6.22331,2.35701,-12.5523,5.29452,1.53349,-14.0095,6.94668,1.62228,-13.0861,6.94668,1.62228,-13.0861,7.35047,2.27946,-11.8259,7.9984,1.51594,-12.1603,6.22331,2.35701,-12.5523,5.20956,3.07575,-8.79517,7.9984,1.51594,-12.1603,7.35047,2.27946,-11.8259,5.94987,-0.313988,-7.54854,4.13819,-0.313988,-16.563,4.62526,0.895802,-15.1154,4.66438,-0.313988,-16.332,4.14847,1.16764,-15.2228,4.14847,1.16764,-15.2228,4.7455,2.09076,-13.7401,4.62526,0.895802,-15.1154,4.37894,2.40933,-13.5617,8.85302,-0.313988,-14.4928,4.62526,0.895802,-15.1154,5.29452,1.53349,-14.0095,6.94668,1.62228,-13.0861,4.7455,2.09076,-13.7401,4.37894,2.40933,-13.5617,6.22331,2.35701,-12.5523,5.29452,1.53349,-14.0095,4.62526,0.895802,-15.1154,4.7455,2.09076,-13.7401,-1.95342,5.14764,-5.17189,-1.16059,5.15039,-5.80152,0.481939,6.47314,7.48452,4.52723,6.79553,6.88742,6.70675,5.88205,0.272029,6.53286,5.89405,0.865874,6.70675,5.88205,0.272029,4.25456,5.45428,-3.09961,-4.1359,2.0617,-6.84084,-3.16455,2.03969,-7.67166,5.46748,2.90603,7.82541,-0.0672494,2.73872,8.90231,7.66897,2.37853,0.714639,7.50325,2.33369,1.34163,7.66897,2.37853,0.714639,4.40829,2.12922,-3.96241,-6.64066,2.28287,0.0245986,-4.1359,2.0617,-6.84084,-6.36076,0,-0.240173,-4.65654,0,-7.81337,-6.64066,2.28287,0.0245986,-1.95342,5.14764,-5.17189,-4.1359,2.0617,-6.84084,-4.11734,5.40611,0.196514,-4.77868,6.55463,0.280635,-2.69035,6.2452,-4.46319,-4.11734,5.40611,0.196514,-1.95342,5.14764,-5.17189,-4.77868,6.55463,0.280635,-0.105747,11.4573,-0.865954,-2.69035,6.2452,-4.46319,-1.43361,12.1135,0.979247,4.62457,10.7566,2.25064,3.40772,11.2269,-0.13638,2.69587,12.1294,1.8007,5.28457,10.2299,0.51873,4.62457,10.7566,2.25064,5.12228,7.6838,3.84713,5.42141,6.34635,4.25407,6.38394,2.58006,4.98064,6.38394,2.58006,4.98064,6.92412,0,5.48415,-7.68692,0,6.13307,-7.68692,2.47811,5.77772,-5.0971,5.68353,4.7332,-7.68692,2.47811,5.77772,-5.7676,6.87651,4.26941,-5.0971,5.68353,4.7332,-5.7676,6.87651,4.26941,-2.64549,12.4069,2.43017,4.15216,10.943,3.69709,2.12417,12.5421,3.15076,4.15216,10.943,3.69709,4.25685,8.1389,6.37371,4.52723,6.79553,6.88742,5.46748,2.90603,7.82541,5.46748,2.90603,7.82541,5.27367,0,8.71807,-3.50729,0,-8.71807,-3.16455,2.03969,-7.67166,-3.16455,2.03969,-7.67166,-1.16059,5.15039,-5.80152,-1.94083,6.24373,-5.04135,0.0462478,11.1936,-1.1774,0.0462478,11.1936,-1.1774,-0.105747,11.4573,-0.865954,2.69587,12.1294,1.8007,-0.105747,11.4573,-0.865954,-1.43361,12.1135,0.979247,3.40772,11.2269,-0.13638,2.12417,12.5421,3.15076,-2.64549,12.4069,2.43017,-2.64549,12.4069,2.43017,-5.7676,6.87651,4.26941,-5.0971,5.68353,4.7332,-7.68692,2.47811,5.77772,-0.0672494,2.73872,8.90231,-7.68692,2.47811,5.77772,-7.68692,0,6.13307,0.119223,0,9.78057]},"normal":{"type":"float32","components":3,