{"urls":["audiosprite.ogg","audiosprite.m4a","audiosprite.mp3"],"sprite":{"4hands_attack1":[0,653.0612244897959],"4hands_attack2":[2000,914.2857142857141],"4hands_dummy":[4000,1280.0000000000002],"4hands_jump":[7000,1149.3877551020405],"alert":[10000,2768.979591836734],"cannonbolt_attack1":[14000,862.0408163265303],"cannonbolt_attack2":[16000,1384.489795918366],"cannonbolt_dummy":[19000,1280.0000000000011],"cannonbolt_jump":[22000,1384.489795918366],"cannonbolt_slide":[25000,966.5306122448989],"correct_option":[27000,992.653061224491],"destroy_cube":[29000,757.5510204081617],"destroy_enemy":[31000,705.3061224489809],"destroy_glasswall":[33000,1253.877551020409],"destroy_wall":[36000,1306.1224489795932],"generic_button":[39000,365.714285714283],"level_start1":[41000,1828.5714285714291],"level_start2":[44000,1253.877551020409],"level_unlocked":[47000,1828.5714285714291],"no_answer":[50000,626.9387755102046],"play_button":[52000,600.8163265306123],"popup":[54000,574.6938775510203],"shield":[56000,940.4081632653032],"slide":[58000,705.3061224489809],"slide_story_v1":[60000,653.0612244897966],"slide_story_v2":[62000,862.0408163265338],"stage_completed":[64000,4493.061224489793],"tic_tac1":[70000,235.10204081632935],"tic_tac2":[72000,235.10204081632935],"time_to_choose":[74000,3709.387755102043],"transition":[79000,1541.2244897959226],"wrong_option":[82000,522.448979591843],"xlr8_attack1":[84000,809.7959183673424],"xlr8_dummy":[86000,1959.183673469383],"xlr8_jump":[89000,1227.7551020408168]}}